{"cameraMode":{"drawMode":0,"name":"Shaded","section":"Shading Mode"},"sceneLighting":true,"audioPlay":false,"sceneViewState":{"m_AlwaysRefresh":false,"showFog":true,"showSkybox":true,"showFlares":true,"showImageEffects":true,"showParticleSystems":true,"showVisualEffectGraphs":true,"m_FxEnabled":true},"in2DMode":false,"pivot":{"x":-2.344473123550415,"y":-0.5759923458099365,"z":-5.515260696411133},"rotation":{"x":-0.004572146572172642,"y":0.9884914755821228,"z":-0.14819218218326569,"w":-0.03053447976708412},"size":6.2409892082214359,"orthographic":false}