{"cameraMode":{"drawMode":0,"name":"Shaded","section":"Shading Mode"},"sceneLighting":true,"audioPlay":false,"sceneViewState":{"m_AlwaysRefresh":false,"showFog":true,"showSkybox":true,"showFlares":true,"showImageEffects":true,"showParticleSystems":true,"showVisualEffectGraphs":true,"m_FxEnabled":true},"in2DMode":false,"pivot":{"x":-33.647518157958987,"y":12.878597259521485,"z":-7.713998794555664},"rotation":{"x":-0.004572146572172642,"y":0.9884914755821228,"z":-0.14819218218326569,"w":-0.03053447976708412},"size":31.818561553955079,"orthographic":false}