{"cameraMode":{"drawMode":0,"name":"Shaded","section":"Shading Mode"},"sceneLighting":true,"audioPlay":false,"sceneViewState":{"m_AlwaysRefresh":false,"showFog":true,"showSkybox":true,"showFlares":true,"showImageEffects":true,"showParticleSystems":true,"showVisualEffectGraphs":true,"m_FxEnabled":true},"in2DMode":false,"pivot":{"x":0.05960176885128021,"y":0.6674752235412598,"z":-0.15373770892620088},"rotation":{"x":0.0253446102142334,"y":-0.9668822884559631,"z":0.23138932883739472,"w":0.10568365454673767},"size":0.13684795796871186,"orthographic":false}